{
  "best_validation_score": 0.9077609719811555,
  "validation_metric": "f1",
  "test_metrics": {
    "accuracy": 0.9162,
    "precision": 0.9112648221343873,
    "recall": 0.9222,
    "f1": 0.9166998011928429,
    "roc_auc": 0.9725790400000001
  }
}